{
    "variants": {
        "half=lower": [
			{"model": "block/large_fern_bottom1"},
			{"model": "block/large_fern_bottom2"},
			{"model": "block/large_fern_bottom3"},
			{"model": "block/large_fern_bottom4"},
			{"model": "block/large_fern_bottom5"},
			{"model": "block/large_fern_bottom6"}
		],
        "half=upper": [
			{"model": "block/large_fern_top1"},
			{"model": "block/large_fern_top2"},
			{"model": "block/large_fern_top3"},
			{"model": "block/large_fern_top4"},
			{"model": "block/large_fern_top5"},
			{"model": "block/large_fern_top6"}
		]
    }
}
