{
    "variants": {
        "half=lower": [
			{"model": "block/lilac_bottom1"},
			{"model": "block/lilac_bottom2"},
			{"model": "block/lilac_bottom3"},
			{"model": "block/lilac_bottom4"},
			{"model": "block/lilac_bottom5"},
			{"model": "block/lilac_bottom6"}
		],
        "half=upper": [
			{"model": "block/lilac_top1"},
			{"model": "block/lilac_top2"},
			{"model": "block/lilac_top3"},
			{"model": "block/lilac_top4"},
			{"model": "block/lilac_top5"},
			{"model": "block/lilac_top6"}
		]
    }
}
