{
	"parent": "block/block",
	"textures": {
		"particle": "#all"
	},
	"elements": [
		{
			"from": [0, 0, 0],
			"to": [16, 16, 16],
			"faces": {
				"west": {"uv": [0, 0, 16, 16], "texture": "#all", "tintindex": 0, "cullface": "west"},
				"east": {"uv": [0, 0, 16, 16], "texture": "#all", "tintindex": 0, "cullface": "east"},
				"north": {"uv": [0, 0, 16, 16], "texture": "#all", "tintindex": 0, "cullface": "north"},
				"south": {"uv": [0, 0, 16, 16], "texture": "#all", "tintindex": 0, "cullface": "south"},
				"up": {"uv": [0, 0, 16, 16], "texture": "#all", "tintindex": 0, "cullface": "up"},
				"down": {"uv": [0, 0, 16, 16], "texture": "#all", "tintindex": 0, "cullface": "down"}
		}},
		{
			"from": [8, 16, 0],
			"to": [8, 18, 16],
			"rotation": {"origin": [8, 8, 8], "axis": "y", "angle": 45, "rescale": true},
			"shade": false,
			"faces": {
				"west": {"uv": [0, 2, 16, 4], "texture": "#all", "tintindex": 0, "cullface": "up"},
				"east": {"uv": [0, 2, 16, 4], "texture": "#all", "tintindex": 0, "cullface": "up"}
		}},
		{
			"from": [8, 18, 1],
			"to": [8, 19, 15],
			"rotation": {"origin": [8, 8, 8], "axis": "y", "angle": 45, "rescale": true},
			"shade": false,
			"faces": {
				"west": {"uv": [1, 1, 15, 2], "texture": "#all", "tintindex": 0, "cullface": "up"},
				"east": {"uv": [1, 1, 15, 2], "texture": "#all", "tintindex": 0, "cullface": "up"}
		}},
		{
			"from": [8, 19, 4],
			"to": [8, 20, 12],
			"rotation": {"origin": [8, 8, 8], "axis": "y", "angle": 45, "rescale": true},
			"shade": false,
			"faces": {
				"west": {"uv": [4, 0, 12, 1], "texture": "#all", "tintindex": 0, "cullface": "up"},
				"east": {"uv": [4, 0, 12, 1], "texture": "#all", "tintindex": 0, "cullface": "up"}
		}},
		{
			"from": [0, 16, 8],
			"to": [16, 18, 8],
			"rotation": {"origin": [8, 8, 8], "axis": "y", "angle": 45, "rescale": true},
			"shade": false,
			"faces": {
				"north": {"uv": [0, 2, 16, 4], "texture": "#all", "tintindex": 0, "cullface": "up"},
				"south": {"uv": [0, 2, 16, 4], "texture": "#all", "tintindex": 0, "cullface": "up"}
		}},
		{
			"from": [1, 18, 8],
			"to": [15, 19, 8],
			"rotation": {"origin": [8, 8, 8], "axis": "y", "angle": 45, "rescale": true},
			"shade": false,
			"faces": {
				"north": {"uv": [1, 1, 15, 2], "texture": "#all", "tintindex": 0, "cullface": "up"},
				"south": {"uv": [1, 1, 15, 2], "texture": "#all", "tintindex": 0, "cullface": "up"}
		}},
		{
			"from": [4, 19, 8],
			"to": [12, 20, 8],
			"rotation": {"origin": [8, 8, 8], "axis": "y", "angle": 45, "rescale": true},
			"shade": false,
			"faces": {
				"north": {"uv": [4, 0, 12, 1], "texture": "#all", "tintindex": 0, "cullface": "up"},
				"south": {"uv": [4, 0, 12, 1], "texture": "#all", "tintindex": 0, "cullface": "up"}
		}},
		{
			"from": [8, 0, 0],
			"to": [8, -2, 16],
			"rotation": {"origin": [8, 8, 8], "axis": "y", "angle": 45, "rescale": true},
			"shade": false,
			"faces": {
				"west": {"uv": [0, 2, 16, 4], "texture": "#all", "tintindex": 0, "cullface": "down"},
				"east": {"uv": [0, 2, 16, 4], "texture": "#all", "tintindex": 0, "cullface": "down"}
		}},
		{
			"from": [8, -2, 1],
			"to": [8, -3, 15],
			"rotation": {"origin": [8, 8, 8], "axis": "y", "angle": 45, "rescale": true},
			"shade": false,
			"faces": {
				"west": {"uv": [1, 1, 15, 2], "texture": "#all", "tintindex": 0, "cullface": "down"},
				"east": {"uv": [1, 1, 15, 2], "texture": "#all", "tintindex": 0, "cullface": "down"}
		}},
		{
			"from": [8, -3, 4],
			"to": [8, -4, 12],
			"rotation": {"origin": [8, 8, 8], "axis": "y", "angle": 45, "rescale": true},
			"shade": false,
			"faces": {
				"west": {"uv": [4, 0, 12, 1], "texture": "#all", "tintindex": 0, "cullface": "down"},
				"east": {"uv": [4, 0, 12, 1], "texture": "#all", "tintindex": 0, "cullface": "down"}
		}},
		{
			"from": [0, 0, 8],
			"to": [16, -2, 8],
			"rotation": {"origin": [8, 8, 8], "axis": "y", "angle": 45, "rescale": true},
			"shade": false,
			"faces": {
				"north": {"uv": [0, 2, 16, 4], "texture": "#all", "tintindex": 0, "cullface": "down"},
				"south": {"uv": [0, 2, 16, 4], "texture": "#all", "tintindex": 0, "cullface": "down"}
		}},
		{
			"from": [1, -2, 8],
			"to": [15, -3, 8],
			"rotation": {"origin": [8, 8, 8], "axis": "y", "angle": 45, "rescale": true},
			"shade": false,
			"faces": {
				"north": {"uv": [1, 1, 15, 2], "texture": "#all", "tintindex": 0, "cullface": "down"},
				"south": {"uv": [1, 1, 15, 2], "texture": "#all", "tintindex": 0, "cullface": "down"}
		}},
		{
			"from": [4, -3, 8],
			"to": [12, -4, 8],
			"rotation": {"origin": [8, 8, 8], "axis": "y", "angle": 45, "rescale": true},
			"shade": false,
			"faces": {
				"north": {"uv": [4, 0, 12, 1], "texture": "#all", "tintindex": 0, "cullface": "down"},
				"south": {"uv": [4, 0, 12, 1], "texture": "#all", "tintindex": 0, "cullface": "down"}
		}},
		{
			"from": [0, 8, 16],
			"to": [16, 8, 18],
			"rotation": {"origin": [8, 8, 8], "axis": "z", "angle": 45, "rescale": true},
			"shade": false,
			"faces": {
				"up": {"uv": [16, 2, 0, 4], "texture": "#all", "tintindex": 0, "cullface": "south"},
				"down": {"uv": [0, 2, 16, 4], "texture": "#all", "tintindex": 0, "cullface": "south"}
		}},
		{
			"from": [1, 8, 18],
			"to": [15, 8, 19],
			"rotation": {"origin": [8, 8, 8], "axis": "z", "angle": 45, "rescale": true},
			"shade": false,
			"faces": {
				"up": {"uv": [15, 1, 1, 2], "texture": "#all", "tintindex": 0, "cullface": "south"},
				"down": {"uv": [1, 1, 15, 2], "texture": "#all", "tintindex": 0, "cullface": "south"}
		}},
		{
			"from": [4, 8, 19],
			"to": [12, 8, 20],
			"rotation": {"origin": [8, 8, 8], "axis": "z", "angle": 45, "rescale": true},
			"shade": false,
			"faces": {
				"up": {"uv": [12, 0, 4, 1], "texture": "#all", "tintindex": 0, "cullface": "south"},
				"down": {"uv": [4, 0, 12, 1], "texture": "#all", "tintindex": 0, "cullface": "south"}
		}},
		{
			"from": [0, 8, 16],
			"to": [16, 8, 18],
			"rotation": {"origin": [8, 8, 8], "axis": "z", "angle": -45, "rescale": true},
			"shade": false,
			"faces": {
				"up": {"uv": [16, 2, 0, 4], "texture": "#all", "tintindex": 0, "cullface": "south"},
				"down": {"uv": [0, 2, 16, 4], "texture": "#all", "tintindex": 0, "cullface": "south"}
		}},
		{
			"from": [1, 8, 18],
			"to": [15, 8, 19],
			"rotation": {"origin": [8, 8, 8], "axis": "z", "angle": -45, "rescale": true},
			"shade": false,
			"faces": {
				"up": {"uv": [15, 1, 1, 2], "texture": "#all", "tintindex": 0, "cullface": "south"},
				"down": {"uv": [1, 1, 15, 2], "texture": "#all", "tintindex": 0, "cullface": "south"}
		}},
		{
			"from": [4, 8, 19],
			"to": [12, 8, 20],
			"rotation": {"origin": [8, 8, 8], "axis": "z", "angle": -45, "rescale": true},
			"shade": false,
			"faces": {
				"up": {"uv": [12, 0, 4, 1], "texture": "#all", "tintindex": 0, "cullface": "south"},
				"down": {"uv": [4, 0, 12, 1], "texture": "#all", "tintindex": 0, "cullface": "south"}
		}},
		{
			"from": [0, 8, 0],
			"to": [16, 8, -2],
			"rotation": {"origin": [8, 8, 8], "axis": "z", "angle": 45, "rescale": true},
			"shade": false,
			"faces": {
				"up": {"uv": [16, 2, 0, 4], "texture": "#all", "tintindex": 0, "cullface": "north"},
				"down": {"uv": [0, 2, 16, 4], "texture": "#all", "tintindex": 0, "cullface": "north"}
		}},
		{
			"from": [1, 8, -2],
			"to": [15, 8, -3],
			"rotation": {"origin": [8, 8, 8], "axis": "z", "angle": 45, "rescale": true},
			"shade": false,
			"faces": {
				"up": {"uv": [15, 1, 1, 2], "texture": "#all", "tintindex": 0, "cullface": "north"},
				"down": {"uv": [1, 1, 15, 2], "texture": "#all", "tintindex": 0, "cullface": "north"}
		}},
		{
			"from": [4, 8, -3],
			"to": [12, 8, -4],
			"rotation": {"origin": [8, 8, 8], "axis": "z", "angle": 45, "rescale": true},
			"shade": false,
			"faces": {
				"up": {"uv": [12, 0, 4, 1], "texture": "#all", "tintindex": 0, "cullface": "north"},
				"down": {"uv": [4, 0, 12, 1], "texture": "#all", "tintindex": 0, "cullface": "north"}
		}},
		{
			"from": [0, 8, 0],
			"to": [16, 8, -2],
			"rotation": {"origin": [8, 8, 8], "axis": "z", "angle": -45, "rescale": true},
			"shade": false,
			"faces": {
				"up": {"uv": [16, 2, 0, 4], "texture": "#all", "tintindex": 0, "cullface": "north"},
				"down": {"uv": [0, 2, 16, 4], "texture": "#all", "tintindex": 0, "cullface": "north"}
		}},
		{
			"from": [1, 8, -2],
			"to": [15, 8, -3],
			"rotation": {"origin": [8, 8, 8], "axis": "z", "angle": -45, "rescale": true},
			"shade": false,
			"faces": {
				"up": {"uv": [15, 1, 1, 2], "texture": "#all", "tintindex": 0, "cullface": "north"},
				"down": {"uv": [1, 1, 15, 2], "texture": "#all", "tintindex": 0, "cullface": "north"}
		}},
		{
			"from": [4, 8, -3],
			"to": [12, 8, -4],
			"rotation": {"origin": [8, 8, 8], "axis": "z", "angle": -45, "rescale": true},
			"shade": false,
			"faces": {
				"up": {"uv": [12, 0, 4, 1], "texture": "#all", "tintindex": 0, "cullface": "north"},
				"down": {"uv": [4, 0, 12, 1], "texture": "#all", "tintindex": 0, "cullface": "north"}
		}},
		{
			"from": [16, 8, 0],
			"to": [18, 8, 16],
			"rotation": {"origin": [8, 8, 8], "axis": "x", "angle": 45, "rescale": true},
			"shade": false,
			"faces": {
				"up": {"uv": [0, 2, 16, 4], "texture": "#all", "rotation": 90, "tintindex": 0, "cullface": "east"},
				"down": {"uv": [0, 2, 16, 4], "texture": "#all", "rotation": 90, "tintindex": 0, "cullface": "east"}
		}},
		{
			"from": [18, 8, 1],
			"to": [19, 8, 15],
			"rotation": {"origin": [8, 8, 8], "axis": "x", "angle": 45, "rescale": true},
			"shade": false,
			"faces": {
				"up": {"uv": [1, 1, 15, 2], "texture": "#all", "rotation": 90, "tintindex": 0, "cullface": "east"},
				"down": {"uv": [1, 1, 15, 2], "texture": "#all", "rotation": 90, "tintindex": 0, "cullface": "east"}
		}},
		{
			"from": [19, 8, 4],
			"to": [20, 8, 12],
			"rotation": {"origin": [8, 8, 8], "axis": "x", "angle": 45, "rescale": true},
			"shade": false,
			"faces": {
				"up": {"uv": [4, 0, 12, 1], "texture": "#all", "rotation": 90, "tintindex": 0, "cullface": "east"},
				"down": {"uv": [4, 0, 12, 1], "texture": "#all", "rotation": 90, "tintindex": 0, "cullface": "east"}
		}},
		{
			"from": [16, 8, 0],
			"to": [18, 8, 16],
			"rotation": {"origin": [8, 8, 8], "axis": "x", "angle": -45, "rescale": true},
			"shade": false,
			"faces": {
				"up": {"uv": [0, 2, 16, 4], "texture": "#all", "rotation": 90, "tintindex": 0, "cullface": "east"},
				"down": {"uv": [0, 2, 16, 4], "texture": "#all", "rotation": 90, "tintindex": 0, "cullface": "east"}
		}},
		{
			"from": [18, 8, 1],
			"to": [19, 8, 15],
			"rotation": {"origin": [8, 8, 8], "axis": "x", "angle": -45, "rescale": true},
			"shade": false,
			"faces": {
				"up": {"uv": [1, 1, 15, 2], "texture": "#all", "rotation": 90, "tintindex": 0, "cullface": "east"},
				"down": {"uv": [1, 1, 15, 2], "texture": "#all", "rotation": 90, "tintindex": 0, "cullface": "east"}
		}},
		{
			"from": [19, 8, 4],
			"to": [20, 8, 12],
			"rotation": {"origin": [8, 8, 8], "axis": "x", "angle": -45, "rescale": true},
			"shade": false,
			"faces": {
				"up": {"uv": [4, 0, 12, 1], "texture": "#all", "rotation": 90, "tintindex": 0, "cullface": "east"},
				"down": {"uv": [4, 0, 12, 1], "texture": "#all", "rotation": 90, "tintindex": 0, "cullface": "east"}
		}},
		{
			"from": [0, 8, 0],
			"to": [-2, 8, 16],
			"rotation": {"origin": [8, 8, 8], "axis": "x", "angle": 45, "rescale": true},
			"shade": false,
			"faces": {
				"up": {"uv": [0, 2, 16, 4], "texture": "#all", "rotation": 90, "tintindex": 0, "cullface": "west"},
				"down": {"uv": [0, 2, 16, 4], "texture": "#all", "rotation": 90, "tintindex": 0, "cullface": "west"}
		}},
		{
			"from": [-2, 8, 1],
			"to": [-3, 8, 15],
			"rotation": {"origin": [8, 8, 8], "axis": "x", "angle": 45, "rescale": true},
			"shade": false,
			"faces": {
				"up": {"uv": [1, 1, 15, 2], "texture": "#all", "rotation": 90, "tintindex": 0, "cullface": "west"},
				"down": {"uv": [1, 1, 15, 2], "texture": "#all", "rotation": 90, "tintindex": 0, "cullface": "west"}
		}},
		{
			"from": [-3, 8, 4],
			"to": [-4, 8, 12],
			"rotation": {"origin": [8, 8, 8], "axis": "x", "angle": 45, "rescale": true},
			"shade": false,
			"faces": {
				"up": {"uv": [4, 0, 12, 1], "texture": "#all", "rotation": 90, "tintindex": 0, "cullface": "west"},
				"down": {"uv": [4, 0, 12, 1], "texture": "#all", "rotation": 90, "tintindex": 0, "cullface": "west"}
		}},
		{
			"from": [0, 8, 0],
			"to": [-2, 8, 16],
			"rotation": {"origin": [8, 8, 8], "axis": "x", "angle": -45, "rescale": true},
			"shade": false,
			"faces": {
				"up": {"uv": [0, 2, 16, 4], "texture": "#all", "rotation": 90, "tintindex": 0, "cullface": "west"},
				"down": {"uv": [0, 2, 16, 4], "texture": "#all", "rotation": 90, "tintindex": 0, "cullface": "west"}
		}},
		{
			"from": [-2, 8, 1],
			"to": [-3, 8, 15],
			"rotation": {"origin": [8, 8, 8], "axis": "x", "angle": -45, "rescale": true},
			"shade": false,
			"faces": {
				"up": {"uv": [1, 1, 15, 2], "texture": "#all", "rotation": 90, "tintindex": 0, "cullface": "west"},
				"down": {"uv": [1, 1, 15, 2], "texture": "#all", "rotation": 90, "tintindex": 0, "cullface": "west"}
		}},
		{
			"from": [-3, 8, 4],
			"to": [-4, 8, 12],
			"rotation": {"origin": [8, 8, 8], "axis": "x", "angle": -45, "rescale": true},
			"shade": false,
			"faces": {
				"up": {"uv": [4, 0, 12, 1], "texture": "#all", "rotation": 90, "tintindex": 0, "cullface": "west"},
				"down": {"uv": [4, 0, 12, 1], "texture": "#all", "rotation": 90, "tintindex": 0, "cullface": "west"}
		}}
	]
}