{
	"ambientocclusion": false,
	"textures": {
		"particle": "#stem"
	},
	"elements": [
		{
			"from": [7, 0, 7],
			"to": [9, 14, 9],
			"shade": false,
			"faces": {
				"west": {"uv": [7, 2, 9, 16], "texture": "#stem"},
				"east": {"uv": [7, 2, 9, 16], "texture": "#stem"},
				"north": {"uv": [7, 2, 9, 16], "texture": "#stem"},
				"south": {"uv": [7, 2, 9, 16], "texture": "#stem"},
				"up": {"uv": [7, 2, 9, 4], "texture": "#stem"}
		}},
		{
			"from": [8, 0, 0.8],
			"to": [8, 14, 7],
			"rotation": {"origin": [8, 8, 8], "axis": "y", "angle": 45, "rescale": true},
			"shade": false,
			"faces": {
				"west": {"uv": [0, 2, 7, 16], "texture": "#stem"},
				"east": {"uv": [9, 2, 16, 16], "texture": "#stem"}
		}},
		{
			"from": [8, 0, 9],
			"to": [8, 14, 15.2],
			"rotation": {"origin": [8, 8, 8], "axis": "y", "angle": 45, "rescale": true},
			"shade": false,
			"faces": {
				"west": {"uv": [9, 2, 16, 16], "texture": "#stem"},
				"east": {"uv": [0, 2, 7, 16], "texture": "#stem"}
		}},
		{
			"from": [0.8, 0, 8],
			"to": [7, 14, 8],
			"rotation": {"origin": [8, 8, 8], "axis": "y", "angle": 45, "rescale": true},
			"shade": false,
			"faces": {
				"north": {"uv": [9, 2, 16, 16], "texture": "#stem"},
				"south": {"uv": [0, 2, 7, 16], "texture": "#stem"}
		}},
		{
			"from": [9, 0, 8],
			"to": [15.2, 14, 8],
			"rotation": {"origin": [8, 8, 8], "axis": "y", "angle": 45, "rescale": true},
			"shade": false,
			"faces": {
				"north": {"uv": [0, 2, 7, 16], "texture": "#stem"},
				"south": {"uv": [9, 2, 16, 16], "texture": "#stem"}
		}},
		{
			"from": [8, 14, 0.8],
			"to": [8, 16, 15.2],
			"rotation": {"origin": [8, 8, 8], "axis": "y", "angle": 45, "rescale": true},
			"shade": false,
			"faces": {
				"west": {"uv": [0, 0, 16, 2], "texture": "#stem"},
				"east": {"uv": [0, 0, 16, 2], "texture": "#stem"}
		}},
		{
			"from": [0.8, 14, 8],
			"to": [15.2, 16, 8],
			"rotation": {"origin": [8, 8, 8], "axis": "y", "angle": 45, "rescale": true},
			"shade": false,
			"faces": {
				"north": {"uv": [0, 0, 16, 2], "texture": "#stem"},
				"south": {"uv": [0, 0, 16, 2], "texture": "#stem"}
		}}
	]
}