{
	"ambientocclusion": false,
	"textures": {
		"particle": "block/sweet_berry_bush_stage0",
		"cross": "block/sweet_berry_bush_stage0"
	},
	"elements": [
		{
			"from": [4, 0, 0],
			"to": [4, 16, 16],
			"shade": false,
			"faces": {
				"west": {"uv": [0, 0, 16, 16], "texture": "#cross"},
				"east": {"uv": [0, 0, 16, 16], "texture": "#cross"}
		}},
		{
			"from": [12, 0, 0],
			"to": [12, 16, 16],
			"shade": false,
			"faces": {
				"west": {"uv": [0, 0, 16, 16], "texture": "#cross"},
				"east": {"uv": [0, 0, 16, 16], "texture": "#cross"}
		}},
		{
			"from": [0, 0, 4],
			"to": [16, 16, 4],
			"shade": false,
			"faces": {
				"north": {"uv": [0, 0, 16, 16], "texture": "#cross"},
				"south": {"uv": [0, 0, 16, 16], "texture": "#cross"}
		}},
		{
			"from": [0, 0, 12],
			"to": [16, 16, 12],
			"shade": false,
			"faces": {
				"north": {"uv": [0, 0, 16, 16], "texture": "#cross"},
				"south": {"uv": [0, 0, 16, 16], "texture": "#cross"}
		}},
		{
			"from": [4, 6, 4],
			"to": [12, 6, 12],
			"shade": false,
			"faces": {
				"up": {"uv": [4, 8, 12, 16], "texture": "#cross"},
				"down": {"uv": [4, 8, 12, 16], "texture": "#cross"}
		}}
	]
}