{
	"ambientocclusion": false,
	"textures": {
		"particle": "block/vine",
		"vine": "block/vine"
	},
	"elements": [
		{
			"from": [15.9, 0, 0],
			"to": [15.9, 16, 16],
			"shade": false,
			"faces": {
				"west": {"uv": [0, 0, 16, 16], "texture": "#vine", "tintindex": 0},
				"east": {"uv": [16, 0, 0, 16], "texture": "#vine", "tintindex": 0}
		}},
		{
			"from": [15.9, 13, 14],
			"to": [15.9, 15, 16],
			"rotation": {
				"origin": [15.9, 15, 8],
				"axis": "z",
				"angle": -22.5
			},
			"shade": false,
			"faces": {
				"west": {"uv": [13, 0, 15, 2], "texture": "#vine", "tintindex": 0},
				"east": {"uv": [15, 0, 13, 2], "texture": "#vine", "tintindex": 0}
		}},
		{
			"from": [15.9, 6, 13],
			"to": [15.9, 8, 15],
			"rotation": {
				"origin": [15.9, 8, 8],
				"axis": "z",
				"angle": -22.5
			},
			"shade": false,
			"faces": {
				"west": {"uv": [12, 7, 14, 9], "texture": "#vine", "tintindex": 0},
				"east": {"uv": [14, 7, 12, 9], "texture": "#vine", "tintindex": 0}
		}},
		{
			"from": [15.9, 2, 8],
			"to": [15.9, 4, 10],
			"rotation": {
				"origin": [15.9, 4, 8],
				"axis": "z",
				"angle": -22.5
			},
			"shade": false,
			"faces": {
				"west": {"uv": [9, 11, 11, 13], "texture": "#vine", "tintindex": 0},
				"east": {"uv": [11, 11, 9, 13], "texture": "#vine", "tintindex": 0}
		}},
		{
			"from": [15.9, 11, 8],
			"to": [15.9, 13, 10],
			"rotation": {
				"origin": [15.9, 13, 8],
				"axis": "z",
				"angle": -22.5
			},
			"shade": false,
			"faces": {
				"west": {"uv": [9, 2, 11, 4], "texture": "#vine", "tintindex": 0},
				"east": {"uv": [11, 2, 9, 4], "texture": "#vine", "tintindex": 0}
		}},
		{
			"from": [15.9, 6, 6],
			"to": [15.9, 8, 8],
			"rotation": {
				"origin": [15.9, 8, 8],
				"axis": "z",
				"angle": -22.5
			},
			"shade": false,
			"faces": {
				"west": {"uv": [5, 7, 7, 9], "texture": "#vine", "tintindex": 0},
				"east": {"uv": [7, 7, 5, 9], "texture": "#vine", "tintindex": 0}
		}},
		{
			"from": [15.9, 13, 6],
			"to": [15.9, 15, 8],
			"rotation": {
				"origin": [15.9, 15, 8],
				"axis": "z",
				"angle": -22.5
			},
			"shade": false,
			"faces": {
				"west": {"uv": [5, 0, 7, 2], "texture": "#vine", "tintindex": 0},
				"east": {"uv": [7, 0, 5, 2], "texture": "#vine", "tintindex": 0}
		}},
		{
			"from": [15.9, 11, 1],
			"to": [15.9, 13, 3],
			"rotation": {
				"origin": [15.9, 13, 8],
				"axis": "z",
				"angle": -22.5
			},
			"shade": false,
			"faces": {
				"west": {"uv": [0, 2, 2, 4], "texture": "#vine", "tintindex": 0},
				"east": {"uv": [2, 2, 0, 4], "texture": "#vine", "tintindex": 0}
		}},
		{
			"from": [15.9, 1, 0],
			"to": [15.9, 3, 2],
			"rotation": {
				"origin": [15.9, 3, 8],
				"axis": "z",
				"angle": -22.5
			},
			"shade": false,
			"faces": {
				"west": {"uv": [1, 12, 3, 14], "texture": "#vine", "tintindex": 0},
				"east": {"uv": [3, 12, 1, 14], "texture": "#vine", "tintindex": 0}
		}},
		{
			"from": [0, 0, 0.1],
			"to": [16, 16, 0.1],
			"shade": false,
			"faces": {
				"north": {"uv": [16, 0, 0, 16], "texture": "#vine", "tintindex": 0},
				"south": {"uv": [0, 0, 16, 16], "texture": "#vine", "tintindex": 0}
		}},
		{
			"from": [14, 13, 0.1],
			"to": [16, 15, 0.1],
			"rotation": {
				"origin": [8, 15, 0.1],
				"axis": "x",
				"angle": -22.5
			},
			"shade": false,
			"faces": {
				"north": {"uv": [15, 0, 13, 2], "texture": "#vine", "tintindex": 0},
				"south": {"uv": [13, 0, 15, 2], "texture": "#vine", "tintindex": 0}
		}},
		{
			"from": [13, 6, 0.1],
			"to": [15, 8, 0.1],
			"rotation": {
				"origin": [8, 8, 0.1],
				"axis": "x",
				"angle": -22.5
			},
			"shade": false,
			"faces": {
				"north": {"uv": [14, 7, 12, 9], "texture": "#vine", "tintindex": 0},
				"south": {"uv": [12, 7, 14, 9], "texture": "#vine", "tintindex": 0}
		}},
		{
			"from": [8, 2, 0.1],
			"to": [10, 4, 0.1],
			"rotation": {
				"origin": [8, 4, 0.1],
				"axis": "x",
				"angle": -22.5
			},
			"shade": false,
			"faces": {
				"north": {"uv": [11, 11, 9, 13], "texture": "#vine", "tintindex": 0},
				"south": {"uv": [9, 11, 11, 13], "texture": "#vine", "tintindex": 0}
		}},
		{
			"from": [8, 11, 0.1],
			"to": [10, 13, 0.1],
			"rotation": {
				"origin": [8, 13, 0.1],
				"axis": "x",
				"angle": -22.5
			},
			"shade": false,
			"faces": {
				"north": {"uv": [11, 2, 9, 4], "texture": "#vine", "tintindex": 0},
				"south": {"uv": [9, 2, 11, 4], "texture": "#vine", "tintindex": 0}
		}},
		{
			"from": [6, 6, 0.1],
			"to": [8, 8, 0.1],
			"rotation": {
				"origin": [8, 8, 0.1],
				"axis": "x",
				"angle": -22.5
			},
			"shade": false,
			"faces": {
				"north": {"uv": [7, 7, 5, 9], "texture": "#vine", "tintindex": 0},
				"south": {"uv": [5, 7, 7, 9], "texture": "#vine", "tintindex": 0}
		}},
		{
			"from": [6, 13, 0.1],
			"to": [8, 15, 0.1],
			"rotation": {
				"origin": [8, 15, 0.1],
				"axis": "x",
				"angle": -22.5
			},
			"shade": false,
			"faces": {
				"north": {"uv": [7, 0, 5, 2], "texture": "#vine", "tintindex": 0},
				"south": {"uv": [5, 0, 7, 2], "texture": "#vine", "tintindex": 0}
		}},
		{
			"from": [1, 11, 0.1],
			"to": [3, 13, 0.1],
			"rotation": {
				"origin": [8, 13, 0.1],
				"axis": "x",
				"angle": -22.5
			},
			"shade": false,
			"faces": {
				"north": {"uv": [2, 2, 0, 4], "texture": "#vine", "tintindex": 0},
				"south": {"uv": [0, 2, 2, 4], "texture": "#vine", "tintindex": 0}
		}},
		{
			"from": [0, 1, 0.1],
			"to": [2, 3, 0.1],
			"rotation": {
				"origin": [8, 3, 0.1],
				"axis": "x",
				"angle": -22.5
			},
			"shade": false,
			"faces": {
				"north": {"uv": [3, 12, 1, 14], "texture": "#vine", "tintindex": 0},
				"south": {"uv": [1, 12, 3, 14], "texture": "#vine", "tintindex": 0}
		}},
		{
			"from": [0, 15.9, 0],
			"to": [16, 15.9, 16],
			"shade": false,
			"faces": {
				"up": {"uv": [16, 0, 0, 16], "texture": "#vine", "tintindex": 0},
				"down": {"uv": [0, 0, 16, 16], "texture": "#vine", "tintindex": 0}
		}},
		{
			"from": [14, 15.9, 13],
			"to": [16, 15.9, 15],
			"rotation": {
				"origin": [8, 15.9, 15],
				"axis": "x",
				"angle": -22.5
			},
			"shade": false,
			"faces": {
				"up": {"uv": [15, 0, 13, 2], "texture": "#vine", "tintindex": 0},
				"down": {"uv": [13, 0, 15, 2], "texture": "#vine", "tintindex": 0}
		}},
		{
			"from": [13, 15.9, 6],
			"to": [15, 15.9, 8],
			"rotation": {
				"origin": [8, 15.9, 8],
				"axis": "x",
				"angle": -22.5
			},
			"shade": false,
			"faces": {
				"up": {"uv": [14, 7, 12, 9], "texture": "#vine", "tintindex": 0},
				"down": {"uv": [12, 7, 14, 9], "texture": "#vine", "tintindex": 0}
		}},
		{
			"from": [8, 15.9, 2],
			"to": [10, 15.9, 4],
			"rotation": {
				"origin": [8, 15.9, 4],
				"axis": "x",
				"angle": -22.5
			},
			"shade": false,
			"faces": {
				"up": {"uv": [11, 11, 9, 13], "texture": "#vine", "tintindex": 0},
				"down": {"uv": [9, 11, 11, 13], "texture": "#vine", "tintindex": 0}
		}},
		{
			"from": [8, 15.9, 11],
			"to": [10, 15.9, 13],
			"rotation": {
				"origin": [8, 15.9, 13],
				"axis": "x",
				"angle": -22.5
			},
			"shade": false,
			"faces": {
				"up": {"uv": [11, 2, 9, 4], "texture": "#vine", "tintindex": 0},
				"down": {"uv": [9, 2, 11, 4], "texture": "#vine", "tintindex": 0}
		}},
		{
			"from": [6, 15.9, 6],
			"to": [8, 15.9, 8],
			"rotation": {
				"origin": [8, 15.9, 8],
				"axis": "x",
				"angle": -22.5
			},
			"shade": false,
			"faces": {
				"up": {"uv": [7, 7, 5, 9], "texture": "#vine", "tintindex": 0},
				"down": {"uv": [5, 7, 7, 9], "texture": "#vine", "tintindex": 0}
		}},
		{
			"from": [6, 15.9, 13],
			"to": [8, 15.9, 15],
			"rotation": {
				"origin": [8, 15.9, 15],
				"axis": "x",
				"angle": -22.5
			},
			"shade": false,
			"faces": {
				"up": {"uv": [7, 0, 5, 2], "texture": "#vine", "tintindex": 0},
				"down": {"uv": [5, 0, 7, 2], "texture": "#vine", "tintindex": 0}
		}},
		{
			"from": [1, 15.9, 11],
			"to": [3, 15.9, 13],
			"rotation": {
				"origin": [8, 15.9, 13],
				"axis": "x",
				"angle": -22.5
			},
			"shade": false,
			"faces": {
				"up": {"uv": [2, 2, 0, 4], "texture": "#vine", "tintindex": 0},
				"down": {"uv": [0, 2, 2, 4], "texture": "#vine", "tintindex": 0}
		}},
		{
			"from": [0, 15.9, 1],
			"to": [2, 15.9, 3],
			"rotation": {
				"origin": [8, 15.9, 3],
				"axis": "x",
				"angle": -22.5
			},
			"shade": false,
			"faces": {
				"up": {"uv": [3, 12, 1, 14], "texture": "#vine", "tintindex": 0},
				"down": {"uv": [1, 12, 3, 14], "texture": "#vine", "tintindex": 0}
		}}
	]
}